{
  "plantBuddy": {
    "readings": [
      {
        "temp": 22.5683403,
        "humidity": 67.18145752,
        "moisture": 24,
        "timestamp": 1708701
      }
    ]
  }
}