{
  "plantBuddy": {
    "readings": [
      {
        "temp": 25.3683815,
        "humidity": 44.2975235,
        "moisture": 24,
        "timestamp": 1361742
      }
    ]
  }
}